"filename", "language", "XML", "Java Properties", "Java", "CSV", "HTML", "CSS", "JavaScript", "MS SQL", "JSON", "comment", "blank", "total"
"c:\Users\bc0109695\projects\mogi-anken\.mvn\wrapper\maven-wrapper.properties", "Java Properties", 0, 3, 0, 0, 0, 0, 0, 0, 0, 16, 1, 20
"c:\Users\bc0109695\projects\mogi-anken\pom.xml", "XML", 129, 0, 0, 0, 0, 0, 0, 0, 0, 0, 5, 134
"c:\Users\bc0109695\projects\mogi-anken\src\main\java\jp\co\benesse\web\ServletInitializer.java", "Java", 0, 0, 9, 0, 0, 0, 0, 0, 0, 11, 5, 25
"c:\Users\bc0109695\projects\mogi-anken\src\main\java\jp\co\benesse\web\WebTemplateApplication.java", "Java", 0, 0, 38, 0, 0, 0, 0, 0, 0, 26, 10, 74
"c:\Users\bc0109695\projects\mogi-anken\src\main\java\jp\co\benesse\web\annotation\AppDescription.java", "Java", 0, 0, 11, 0, 0, 0, 0, 0, 0, 17, 4, 32
"c:\Users\bc0109695\projects\mogi-anken\src\main\java\jp\co\benesse\web\annotation\DatePattern.java", "Java", 0, 0, 17, 0, 0, 0, 0, 0, 0, 16, 9, 42
"c:\Users\bc0109695\projects\mogi-anken\src\main\java\jp\co\benesse\web\annotation\EnumPattern.java", "Java", 0, 0, 18, 0, 0, 0, 0, 0, 0, 16, 10, 44
"c:\Users\bc0109695\projects\mogi-anken\src\main\java\jp\co\benesse\web\common\TokenProcessor.java", "Java", 0, 0, 58, 0, 0, 0, 0, 0, 0, 57, 17, 132
"c:\Users\bc0109695\projects\mogi-anken\src\main\java\jp\co\benesse\web\common\WebRequestDataValueProcessorAutoConfiguration.java", "Java", 0, 0, 37, 0, 0, 0, 0, 0, 0, 17, 12, 66
"c:\Users\bc0109695\projects\mogi-anken\src\main\java\jp\co\benesse\web\constants\CommonConstants.java", "Java", 0, 0, 15, 0, 0, 0, 0, 0, 0, 24, 13, 52
"c:\Users\bc0109695\projects\mogi-anken\src\main\java\jp\co\benesse\web\constants\MessageConstants.java", "Java", 0, 0, 6, 0, 0, 0, 0, 0, 0, 14, 5, 25
"c:\Users\bc0109695\projects\mogi-anken\src\main\java\jp\co\benesse\web\constants\ScreenConstants.java", "Java", 0, 0, 7, 0, 0, 0, 0, 0, 0, 15, 5, 27
"c:\Users\bc0109695\projects\mogi-anken\src\main\java\jp\co\benesse\web\constants\UrlConstants.java", "Java", 0, 0, 12, 0, 0, 0, 0, 0, 0, 21, 10, 43
"c:\Users\bc0109695\projects\mogi-anken\src\main\java\jp\co\benesse\web\controller\AdminLoginController.java", "Java", 0, 0, 62, 0, 0, 0, 0, 0, 0, 39, 16, 117
"c:\Users\bc0109695\projects\mogi-anken\src\main\java\jp\co\benesse\web\controller\AdminMenuController.java", "Java", 0, 0, 30, 0, 0, 0, 0, 0, 0, 17, 12, 59
"c:\Users\bc0109695\projects\mogi-anken\src\main\java\jp\co\benesse\web\controller\ErrorController.java", "Java", 0, 0, 26, 0, 0, 0, 0, 0, 0, 22, 11, 59
"c:\Users\bc0109695\projects\mogi-anken\src\main\java\jp\co\benesse\web\controller\LogoutController.java", "Java", 0, 0, 19, 0, 0, 0, 0, 0, 0, 15, 7, 41
"c:\Users\bc0109695\projects\mogi-anken\src\main\java\jp\co\benesse\web\controller\SampleController.java", "Java", 0, 0, 55, 0, 0, 0, 0, 0, 0, 48, 17, 120
"c:\Users\bc0109695\projects\mogi-anken\src\main\java\jp\co\benesse\web\dto\AdminLoginScreenDto.java", "Java", 0, 0, 8, 0, 0, 0, 0, 0, 0, 11, 4, 23
"c:\Users\bc0109695\projects\mogi-anken\src\main\java\jp\co\benesse\web\dto\AdminMenuScreenDto.java", "Java", 0, 0, 9, 0, 0, 0, 0, 0, 0, 12, 5, 26
"c:\Users\bc0109695\projects\mogi-anken\src\main\java\jp\co\benesse\web\entity\MstAdminEntity.java", "Java", 0, 0, 17, 0, 0, 0, 0, 0, 0, 19, 13, 49
"c:\Users\bc0109695\projects\mogi-anken\src\main\java\jp\co\benesse\web\entity\SampleEntity.java", "Java", 0, 0, 15, 0, 0, 0, 0, 0, 0, 18, 11, 44
"c:\Users\bc0109695\projects\mogi-anken\src\main\java\jp\co\benesse\web\enums\SampleKbn.java", "Java", 0, 0, 30, 0, 0, 0, 0, 0, 0, 32, 13, 75
"c:\Users\bc0109695\projects\mogi-anken\src\main\java\jp\co\benesse\web\exception\NoSuchRecordException.java", "Java", 0, 0, 9, 0, 0, 0, 0, 0, 0, 18, 5, 32
"c:\Users\bc0109695\projects\mogi-anken\src\main\java\jp\co\benesse\web\exception\WebBaseException.java", "Java", 0, 0, 31, 0, 0, 0, 0, 0, 0, 25, 10, 66
"c:\Users\bc0109695\projects\mogi-anken\src\main\java\jp\co\benesse\web\exception\WebParamException.java", "Java", 0, 0, 6, 0, 0, 0, 0, 0, 0, 16, 4, 26
"c:\Users\bc0109695\projects\mogi-anken\src\main\java\jp\co\benesse\web\exception\WebUnexpectedException.java", "Java", 0, 0, 9, 0, 0, 0, 0, 0, 0, 22, 4, 35
"c:\Users\bc0109695\projects\mogi-anken\src\main\java\jp\co\benesse\web\exception\WebViewHandlingException.java", "Java", 0, 0, 6, 0, 0, 0, 0, 0, 0, 16, 3, 25
"c:\Users\bc0109695\projects\mogi-anken\src\main\java\jp\co\benesse\web\form\AdminLoginForm.java", "Java", 0, 0, 18, 0, 0, 0, 0, 0, 0, 12, 5, 35
"c:\Users\bc0109695\projects\mogi-anken\src\main\java\jp\co\benesse\web\form\SampleForm.java", "Java", 0, 0, 9, 0, 0, 0, 0, 0, 0, 13, 5, 27
"c:\Users\bc0109695\projects\mogi-anken\src\main\java\jp\co\benesse\web\interceptor\LoggingInterceptor.java", "Java", 0, 0, 42, 0, 0, 0, 0, 0, 0, 25, 12, 79
"c:\Users\bc0109695\projects\mogi-anken\src\main\java\jp\co\benesse\web\interceptor\WebInterceptor.java", "Java", 0, 0, 62, 0, 0, 0, 0, 0, 0, 25, 17, 104
"c:\Users\bc0109695\projects\mogi-anken\src\main\java\jp\co\benesse\web\log\MdcFilter.java", "Java", 0, 0, 38, 0, 0, 0, 0, 0, 0, 29, 13, 80
"c:\Users\bc0109695\projects\mogi-anken\src\main\java\jp\co\benesse\web\log\MdcFilterConfigurer.java", "Java", 0, 0, 19, 0, 0, 0, 0, 0, 0, 21, 4, 44
"c:\Users\bc0109695\projects\mogi-anken\src\main\java\jp\co\benesse\web\repository\MstAdminRepository.java", "Java", 0, 0, 21, 0, 0, 0, 0, 0, 0, 20, 7, 48
"c:\Users\bc0109695\projects\mogi-anken\src\main\java\jp\co\benesse\web\repository\SampleRepository.java", "Java", 0, 0, 22, 0, 0, 0, 0, 0, 0, 29, 9, 60
"c:\Users\bc0109695\projects\mogi-anken\src\main\java\jp\co\benesse\web\repository\SqlGeneratorBaseRepository.java", "Java", 0, 0, 66, 0, 0, 0, 0, 0, 0, 72, 27, 165
"c:\Users\bc0109695\projects\mogi-anken\src\main\java\jp\co\benesse\web\repository\WebNamedParameterJdbcTemplate.java", "Java", 0, 0, 405, 0, 0, 0, 0, 0, 0, 250, 42, 697
"c:\Users\bc0109695\projects\mogi-anken\src\main\java\jp\co\benesse\web\service\MstAdminService.java", "Java", 0, 0, 30, 0, 0, 0, 0, 0, 0, 28, 10, 68
"c:\Users\bc0109695\projects\mogi-anken\src\main\java\jp\co\benesse\web\service\SampleService.java", "Java", 0, 0, 30, 0, 0, 0, 0, 0, 0, 27, 11, 68
"c:\Users\bc0109695\projects\mogi-anken\src\main\java\jp\co\benesse\web\util\CheckUtil.java", "Java", 0, 0, 29, 0, 0, 0, 0, 0, 0, 31, 6, 66
"c:\Users\bc0109695\projects\mogi-anken\src\main\java\jp\co\benesse\web\util\DateUtil.java", "Java", 0, 0, 56, 0, 0, 0, 0, 0, 0, 96, 16, 168
"c:\Users\bc0109695\projects\mogi-anken\src\main\java\jp\co\benesse\web\util\FileAccessUtil.java", "Java", 0, 0, 23, 0, 0, 0, 0, 0, 0, 20, 8, 51
"c:\Users\bc0109695\projects\mogi-anken\src\main\java\jp\co\benesse\web\util\LogUtil.java", "Java", 0, 0, 27, 0, 0, 0, 0, 0, 0, 43, 11, 81
"c:\Users\bc0109695\projects\mogi-anken\src\main\java\jp\co\benesse\web\util\MessageUtil.java", "Java", 0, 0, 31, 0, 0, 0, 0, 0, 0, 29, 10, 70
"c:\Users\bc0109695\projects\mogi-anken\src\main\java\jp\co\benesse\web\util\StringUtil.java", "Java", 0, 0, 23, 0, 0, 0, 0, 0, 0, 26, 12, 61
"c:\Users\bc0109695\projects\mogi-anken\src\main\java\jp\co\benesse\web\validation\DateValidator.java", "Java", 0, 0, 20, 0, 0, 0, 0, 0, 0, 18, 6, 44
"c:\Users\bc0109695\projects\mogi-anken\src\main\java\jp\co\benesse\web\validation\EnumValidator.java", "Java", 0, 0, 33, 0, 0, 0, 0, 0, 0, 23, 6, 62
"c:\Users\bc0109695\projects\mogi-anken\src\main\resources\META-INF\additional-spring-configuration-metadata.json", "JSON", 0, 0, 0, 0, 0, 0, 0, 0, 19, 0, 0, 19
"c:\Users\bc0109695\projects\mogi-anken\src\main\resources\application.properties", "Java Properties", 0, 16, 0, 0, 0, 0, 0, 0, 0, 9, 7, 32
"c:\Users\bc0109695\projects\mogi-anken\src\main\resources\logback-spring.xml", "XML", 30, 0, 0, 0, 0, 0, 0, 0, 0, 8, 6, 44
"c:\Users\bc0109695\projects\mogi-anken\src\main\resources\messages.properties", "Java Properties", 0, 17, 0, 0, 0, 0, 0, 0, 0, 14, 8, 39
"c:\Users\bc0109695\projects\mogi-anken\src\main\resources\sql\MstAdminRepository\selectByIdAndPass.sql", "MS SQL", 0, 0, 0, 0, 0, 0, 0, 16, 0, 0, 0, 16
"c:\Users\bc0109695\projects\mogi-anken\src\main\resources\sql\SampleRepository\selectSampleOpt.sql", "MS SQL", 0, 0, 0, 0, 0, 0, 0, 7, 0, 0, 1, 8
"c:\Users\bc0109695\projects\mogi-anken\src\main\resources\sql\SampleRepository\updateSampleOpt.sql", "MS SQL", 0, 0, 0, 0, 0, 0, 0, 6, 0, 0, 1, 7
"c:\Users\bc0109695\projects\mogi-anken\src\main\resources\static\css\admin-login.css", "CSS", 0, 0, 0, 0, 0, 66, 0, 0, 0, 7, 8, 81
"c:\Users\bc0109695\projects\mogi-anken\src\main\resources\static\css\admin-menu.css", "CSS", 0, 0, 0, 0, 0, 69, 0, 0, 0, 0, 9, 78
"c:\Users\bc0109695\projects\mogi-anken\src\main\resources\static\js\admin-login.js", "JavaScript", 0, 0, 0, 0, 0, 0, 23, 0, 0, 7, 6, 36
"c:\Users\bc0109695\projects\mogi-anken\src\main\resources\static\js\admin-menu.js", "JavaScript", 0, 0, 0, 0, 0, 0, 8, 0, 0, 0, 0, 8
"c:\Users\bc0109695\projects\mogi-anken\src\main\resources\static\js\common\constants.js", "JavaScript", 0, 0, 0, 0, 0, 0, 6, 0, 0, 7, 5, 18
"c:\Users\bc0109695\projects\mogi-anken\src\main\resources\static\js\common\functions.js", "JavaScript", 0, 0, 0, 0, 0, 0, 6, 0, 0, 2, 1, 9
"c:\Users\bc0109695\projects\mogi-anken\src\main\resources\static\lib\jquery-3.2.1.min.js", "JavaScript", 0, 0, 0, 0, 0, 0, 3, 0, 0, 1, 1, 5
"c:\Users\bc0109695\projects\mogi-anken\src\main\resources\static\lib\jquery-ui.min.js", "JavaScript", 0, 0, 0, 0, 0, 0, 8, 0, 0, 4, 1, 13
"c:\Users\bc0109695\projects\mogi-anken\src\main\resources\static\lib\jquery.blockUI.js", "JavaScript", 0, 0, 0, 0, 0, 0, 425, 0, 0, 100, 96, 621
"c:\Users\bc0109695\projects\mogi-anken\src\main\resources\templates\admin-login.html", "HTML", 0, 0, 0, 0, 36, 0, 0, 0, 0, 0, 4, 40
"c:\Users\bc0109695\projects\mogi-anken\src\main\resources\templates\admin-menu.html", "HTML", 0, 0, 0, 0, 28, 0, 0, 0, 0, 0, 3, 31
"c:\Users\bc0109695\projects\mogi-anken\src\main\resources\templates\error.html", "HTML", 0, 0, 0, 0, 20, 0, 0, 0, 0, 0, 2, 22
"c:\Users\bc0109695\projects\mogi-anken\src\main\resources\templates\error\404.html", "HTML", 0, 0, 0, 0, 15, 0, 0, 0, 0, 0, 2, 17
"c:\Users\bc0109695\projects\mogi-anken\src\main\resources\templates\sample.html", "HTML", 0, 0, 0, 0, 24, 0, 0, 0, 0, 0, 3, 27
"c:\Users\bc0109695\projects\mogi-anken\src\test\java\jp\co\benesse\web\BaseTest.java", "Java", 0, 0, 60, 0, 0, 0, 0, 0, 0, 29, 16, 105
"c:\Users\bc0109695\projects\mogi-anken\src\test\java\jp\co\benesse\web\CsvDataSetLoader.java", "Java", 0, 0, 11, 0, 0, 0, 0, 0, 0, 0, 6, 17
"c:\Users\bc0109695\projects\mogi-anken\src\test\java\jp\co\benesse\web\DbUnitConfig.java", "Java", 0, 0, 27, 0, 0, 0, 0, 0, 0, 0, 8, 35
"c:\Users\bc0109695\projects\mogi-anken\src\test\java\jp\co\benesse\web\WebTemplateApplicationTests.java", "Java", 0, 0, 9, 0, 0, 0, 0, 0, 0, 0, 5, 14
"c:\Users\bc0109695\projects\mogi-anken\src\test\java\jp\co\benesse\web\controller\AdminLoginControllerTest.java", "Java", 0, 0, 89, 0, 0, 0, 0, 0, 0, 34, 27, 150
"c:\Users\bc0109695\projects\mogi-anken\src\test\java\jp\co\benesse\web\controller\AdminMenuControllerTest.java", "Java", 0, 0, 55, 0, 0, 0, 0, 0, 0, 18, 19, 92
"c:\Users\bc0109695\projects\mogi-anken\src\test\java\jp\co\benesse\web\controller\LogoutControllerTest.java", "Java", 0, 0, 28, 0, 0, 0, 0, 0, 0, 10, 11, 49
"c:\Users\bc0109695\projects\mogi-anken\src\test\java\jp\co\benesse\web\repository\MstAdminRepositoryTest.java", "Java", 0, 0, 91, 0, 0, 0, 0, 0, 0, 43, 24, 158
"c:\Users\bc0109695\projects\mogi-anken\src\test\java\jp\co\benesse\web\service\MstAdminServiceTest.java", "Java", 0, 0, 96, 0, 0, 0, 0, 0, 0, 61, 27, 184
"c:\Users\bc0109695\projects\mogi-anken\src\test\java\jp\co\benesse\web\util\StringUtilTest.java", "Java", 0, 0, 36, 0, 0, 0, 0, 0, 0, 28, 11, 75
"c:\Users\bc0109695\projects\mogi-anken\src\test\resources\application-test.properties", "Java Properties", 0, 17, 0, 0, 0, 0, 0, 0, 0, 9, 7, 33
"c:\Users\bc0109695\projects\mogi-anken\src\test\resources\dao\MstAdminRepository\MstAdmin.csv", "CSV", 0, 0, 0, 4, 0, 0, 0, 0, 0, 0, 0, 4
"Total", "-", 159, 53, 2066, 4, 123, 135, 479, 29, 19, 1808, 803, 5678